t_ms,raw,filtered
0,-32831,-32831.000
12,-31914,-32693.451
24,-30600,-32379.434
36,-29444,-31939.119
48,-28989,-31496.602
60,-29495,-31196.361
72,-30947,-31158.959
84,-32164,-31309.715
96,-33278,-31604.959
108,-34101,-31979.367
120,-34262,-32321.764
132,-34453,-32641.451
144,-34404,-32905.836
156,-33535,-33000.211
168,-32421,-32913.328
180,-31314,-32673.430
192,-30484,-32345.016
204,-29811,-31964.914
216,-29809,-31641.527
228,-29976,-31391.699
240,-29692,-31136.746
252,-29723,-30924.684
264,-29740,-30746.982
276,-30408,-30696.135
288,-31998,-30891.414
300,-33863,-31337.154
312,-35428,-31950.783
324,-35527,-32487.217
336,-34824,-32837.734
348,-33862,-32991.375
360,-33352,-33045.469
372,-32980,-33035.648
384,-32452,-32948.102
396,-32823,-32929.336
409,-34575,-33176.188
421,-36029,-33604.109
433,-36656,-34061.895
445,-36382,-34409.910
457,-35812,-34620.223
469,-35798,-34796.891
481,-36307,-35023.406
493,-35698,-35124.598
505,-33297,-34850.457
517,-31002,-34273.188
529,-30469,-33702.562
541,-31624,-33390.781
553,-33572,-33417.965
565,-35554,-33738.371
577,-36459,-34146.469
589,-36196,-34453.898
601,-36004,-34686.414
613,-36186,-34911.352
625,-36205,-35105.402
637,-35861,-35218.742
649,-34683,-35138.383
661,-33287,-34860.676
673,-32478,-34503.277
685,-32172,-34153.586
697,-32254,-33868.648
709,-32949,-33730.703
721,-34291,-33814.746
733,-36003,-34142.984
745,-37206,-34602.438
757,-37557,-35045.621
769,-37415,-35401.031
781,-37085,-35653.629
793,-36486,-35778.484
805,-35564,-35746.312
817,-35036,-35639.766
829,-35272,-35584.602
841,-35842,-35623.211
853,-35481,-35601.879
865,-34863,-35491.047
877,-35223,-35450.840
889,-35702,-35488.516
901,-35886,-35548.137
913,-35992,-35614.719
925,-37292,-35866.312
937,-38885,-36319.117
949,-39561,-36805.398
961,-38965,-37129.340
973,-38070,-37270.441
985,-36714,-37186.977
997,-35800,-36978.934
1009,-35714,-36789.195
1021,-35673,-36621.766
1033,-35192,-36407.301
1045,-34713,-36153.156
1057,-34880,-35962.184
1069,-35589,-35906.207
1081,-36544,-36001.879
1093,-37533,-36231.547
1105,-38108,-36513.016
1117,-37813,-36708.016
1129,-37474,-36822.914
1141,-37371,-36905.129
1153,-36801,-36889.512
1165,-35518,-36683.785
1177,-33997,-36280.770
1189,-32983,-35786.105
1201,-33526,-35447.090
1213,-35171,-35405.676
1225,-37130,-35664.328
1237,-38523,-36093.129
1250,-39090,-36542.660
1262,-39424,-36974.863
1274,-40067,-37438.684
1286,-39736,-37783.281
1298,-38200,-37845.789
1310,-36214,-37601.023
1322,-34090,-37074.371
1334,-32920,-36451.219
1346,-33212,-35965.336
1358,-34460,-35739.539
1370,-35870,-35759.109
1382,-37297,-35989.793
1394,-38328,-36340.523
1406,-38642,-36685.746
1418,-38524,-36961.484
1430,-35682,-36769.562
1442,-9765,-32718.879
1454,35022,-22557.746
1466,58199,-10444.233
1478,66277,1063.952
1490,62517,10281.909
1502,46002,15639.923
1514,19805,16264.685
1526,-10392,12266.183
1538,-38214,4694.156
1550,-62069,-5320.318
1562,-79456,-16440.672
1574,-88438,-27240.271
1586,-88777,-36470.781
1598,-80084,-43012.766
1610,-65104,-46326.453
1622,-48728,-46686.684
1634,-33809,-44755.035
1646,-21992,-41340.582
1658,-14035,-37244.746
1670,-10316,-33205.434
1682,-12012,-30026.420
1694,-18677,-28324.008
1706,-27891,-28259.059
1718,-37020,-29573.201
1730,-44573,-31823.174
1742,-49282,-34442.000
1754,-50848,-36902.902
1766,-49531,-38797.117
1778,-46313,-39924.500
1790,-42618,-40328.523
1802,-38351,-40031.895
1814,-34025,-39130.859
1826,-30906,-37897.129
1838,-29636,-36657.961
1850,-30307,-35705.316
1862,-33096,-35313.918
1874,-36378,-35473.531
1886,-38833,-35977.453
1898,-39872,-36561.637
1910,-40442,-37143.691
1922,-40791,-37690.789
1934,-40102,-38052.473
1946,-38409,-38105.953
1958,-36507,-37866.109
1970,-34888,-37419.395
1982,-33956,-36899.887
1994,-33621,-36408.055
2006,-34315,-36094.098
2018,-35309,-35976.336
2030,-36128,-35999.086
2042,-36497,-36073.773
2054,-36184,-36090.309
2066,-35892,-36060.562
2078,-35593,-35990.430
2090,-34976,-35838.266
2102,-34369,-35617.879
2115,-34330,-35424.699
2127,-34915,-35348.246
2139,-35721,-35404.160
2151,-36248,-35530.738
2163,-36956,-35744.527
2175,-37416,-35995.250
2187,-37110,-36162.465
2199,-36801,-36258.246
2211,-37146,-36391.410
2223,-37400,-36542.699
2235,-37454,-36679.395
2247,-36932,-36717.285
2259,-36604,-36700.293
2271,-36706,-36701.148
2283,-36654,-36694.078
2295,-35961,-36584.117
2307,-35660,-36445.500
2319,-36147,-36400.727
2331,-37069,-36500.969
2343,-37725,-36684.574
2355,-38390,-36940.391
2367,-39445,-37316.082
2379,-40354,-37771.770
2391,-40815,-38228.258
2403,-40389,-38552.371
2415,-39155,-38642.766
2427,-37218,-38429.051
2439,-35028,-37918.895
2451,-34001,-37331.211
2463,-33837,-36807.078
2475,-34778,-36502.719
2487,-35785,-36395.062
2499,-37183,-36513.254
2511,-38807,-36857.316
2523,-39933,-37318.672
2535,-39234,-37605.973
2547,-37816,-37637.477
2559,-36157,-37415.406
2571,-34356,-36956.496
2583,-32886,-36345.922
2595,-32430,-35758.535
2607,-33111,-35361.406
2619,-34468,-35227.395
2631,-35615,-35285.539
2643,-36579,-35479.559
2655,-36630,-35652.125
2667,-36267,-35744.355
2679,-35522,-35711.004
2691,-34105,-35470.105
2703,-33685,-35202.340
2715,-35250,-35209.492
2727,-37832,-35602.867
2739,-40224,-36296.039
2751,-41443,-37068.086
2763,-40950,-37650.375
2775,-38945,-37844.570
2787,-36259,-37606.734
2799,-33958,-37059.426
2811,-32546,-36382.414
2823,-32051,-35732.703
2835,-32290,-35216.301
2847,-33345,-34935.609
2859,-34957,-34938.820
2871,-35869,-35078.348
2883,-36162,-35240.895
2895,-36452,-35422.562
2907,-37341,-35710.328
2919,-37339,-35954.629
2931,-36436,-36026.836
2943,-35603,-35963.262
2955,-35320,-35866.773
2968,-35098,-35751.457
2980,-35367,-35693.789
2992,-35616,-35682.121
3004,-35378,-35636.504
3016,-34856,-35519.430
3028,-34570,-35377.016
3040,-34852,-35298.266
3052,-35186,-35281.426
3064,-35906,-35375.113
3076,-37095,-35633.098
3088,-38123,-36006.586
3100,-38668,-36405.801
3112,-38617,-36737.480
3124,-37759,-36890.711
3136,-36042,-36763.406
3148,-34585,-36436.648
3160,-33985,-36068.902
3172,-33832,-35733.367
3184,-34094,-35487.465
3196,-35001,-35414.496
3208,-36121,-35520.473
3220,-36938,-35733.102
3232,-37165,-35947.887
3244,-37054,-36113.805
3256,-36518,-36174.434
3268,-35915,-36135.520
3280,-35446,-36032.094
3292,-34928,-35866.480
3304,-34355,-35639.762
3316,-34217,-35426.348
3328,-35050,-35369.898
3340,-36315,-35511.664
3352,-37490,-35808.418
3364,-37763,-36101.605
3376,-37850,-36363.867
3388,-37670,-36559.789
3400,-36834,-36600.922
3412,-35904,-36496.387
3424,-35150,-36294.430
3436,-34530,-36029.766
3448,-34675,-35826.551
3460,-34924,-35691.168
3472,-35274,-35628.594
3484,-35846,-35661.203
3496,-36260,-35751.023
3508,-36479,-35860.223
3520,-36293,-35925.141
3532,-35671,-35887.020
3544,-35164,-35778.566
3556,-35196,-35691.184
3568,-35865,-35717.258
3580,-36372,-35815.469
3592,-36278,-35884.848
3604,-36339,-35952.973
3616,-36380,-36017.027
3628,-36352,-36067.273
3640,-36286,-36100.082
3652,-36071,-36095.719
3664,-35995,-36080.613
3676,-35822,-36041.820
3688,-35496,-35959.949
3700,-34765,-35780.707
3712,-34222,-35546.902
3724,-34246,-35351.766
3736,-34737,-35259.551
3748,-35848,-35347.820
3760,-37360,-35649.648
3772,-38341,-36053.352
3784,-38085,-36358.102
3796,-37356,-36507.785
3808,-36607,-36522.668
3820,-35744,-36405.871
3833,-34736,-36155.391
3845,-34222,-35865.383
3857,-33844,-35562.176
3869,-33968,-35323.051
3881,-34749,-35236.945
3893,-35767,-35316.453
3905,-36567,-35504.035
3917,-36865,-35708.184
3929,-36591,-35840.605
3941,-36315,-35911.766
3953,-35939,-35915.852
3965,-35036,-35783.875
3977,-34610,-35607.797
3989,-34927,-35505.680
4001,-35444,-35496.430
4013,-36130,-35591.469
4025,-36738,-35763.449
4037,-36427,-35862.984
4049,-35161,-35757.688
4061,-34257,-35532.586
4073,-34784,-35420.301
4085,-35880,-35489.258
4097,-36704,-35671.469
4109,-37209,-35902.102
4121,-37370,-36122.289
4133,-36543,-36185.398
4145,-35627,-36101.641
4157,-35339,-35987.246
4169,-35298,-35883.859
4181,-35573,-35837.230
4193,-35840,-35837.648
4205,-35784,-35829.602
4217,-35472,-35775.961
4229,-35422,-35722.867
4241,-35495,-35688.688
4253,-35720,-35693.387
4265,-36293,-35783.328
4277,-36794,-35934.930
4289,-37289,-36138.043
4301,-36969,-36262.688
4313,-36402,-36283.586
4325,-35984,-36238.648
4337,-35176,-36079.250
4349,-34631,-35862.012
4361,-34540,-35663.711
4373,-34873,-35545.105
4385,-35495,-35537.590
4397,-35983,-35604.402
4409,-36187,-35691.793
4421,-36392,-35796.824
4433,-36774,-35943.402
4445,-37118,-36119.594
4457,-36950,-36244.156
4469,-36364,-36262.133
4481,-35961,-36216.965
4493,-35413,-36096.371
4505,-35392,-35990.715
4517,-35485,-35914.859
4529,-35326,-35826.531
4541,-35208,-35733.754
4553,-35104,-35639.293
4565,-35366,-35598.301
4577,-35937,-35649.105
4589,-36512,-35778.539
4601,-36378,-35868.461
4613,-35746,-35850.094
4625,-35005,-35723.332
4637,-34824,-35588.434
4649,-34760,-35464.172
4661,-35356,-35447.945
4673,-35853,-35508.703
4686,-35614,-35524.500
4698,-35711,-35552.477
4710,-35759,-35583.457
4722,-35688,-35599.141
4734,-35264,-35548.871
4746,-34899,-35451.391
4758,-34978,-35380.383
4770,-35338,-35374.027
4782,-35993,-35466.875
4794,-36399,-35606.695
4806,-35958,-35659.391
4818,-35168,-35585.684
4830,-35043,-35504.281
4842,-35159,-35452.492
4854,-35209,-35415.969
4866,-35327,-35402.625
4878,-35435,-35407.484
4890,-35612,-35438.164
4902,-35903,-35507.891
4914,-36007,-35582.758
4926,-35623,-35588.797
4938,-34931,-35490.129
4950,-34119,-35284.461
4962,-33980,-35088.793
4974,-34819,-35048.324
4986,-35860,-35170.078
4998,-36817,-35417.117
5010,-37345,-35706.301
5022,-37266,-35940.258
5034,-36423,-36012.672
5046,-35388,-35918.973
5058,-34703,-35736.578
5070,-34299,-35520.941
5082,-34039,-35298.652
5094,-34145,-35125.605
5106,-34364,-35011.367
5118,-34938,-35000.363
5130,-36048,-35157.512
5142,-36883,-35416.336
5154,-37161,-35678.035
5166,-36948,-35868.531
5178,-36065,-35898.004
5190,-34433,-35678.254
5202,-32689,-35229.867
5214,-32045,-34752.141
5226,-32634,-34434.422
5238,-34040,-34375.262
5250,-36163,-34643.422
5262,-38456,-35215.309
5274,-40236,-35968.414
5286,-39887,-36556.203
5298,-37741,-36733.922
5310,-34823,-36447.285
5322,-32033,-35785.145
5334,-30125,-34936.125
5346,-29726,-34154.605
5358,-30795,-33650.668
5370,-32747,-33515.117
5382,-35183,-33765.301
5394,-38271,-34441.156
5406,-40624,-35368.586
5418,-41490,-36286.801
5430,-40753,-36956.730
5442,-38953,-37256.172
5454,-36804,-37188.348
5466,-34738,-36820.797
5478,-33520,-36325.680
5490,-33025,-35830.578
5502,-33151,-35428.641
5514,-33840,-35190.348
5526,-34548,-35093.996
5539,-35615,-35172.148
5551,-36413,-35358.277
5563,-36984,-35602.137
5575,-37615,-35904.066
5587,-37646,-36165.355
5599,-36638,-36236.254
5611,-35276,-36092.215
5623,-34277,-35819.934
5635,-33778,-35513.645
5647,-33948,-35278.801
5659,-34551,-35169.633
5671,-35107,-35160.238
5683,-35543,-35217.652
5695,-35560,-35269.008
5707,-35548,-35310.859
5719,-35221,-35297.379
5731,-35134,-35272.875
5743,-35109,-35248.297
5755,-35085,-35223.805
5767,-34773,-35156.184
5779,-34662,-35082.059
5791,-34504,-34995.352
5803,-34266,-34885.949
5815,-34380,-34810.059
5827,-35176,-34864.949
5839,-36293,-35079.156
5851,-37137,-35387.832
5863,-37409,-35691.008
5875,-37088,-35900.559
5887,-36387,-35973.527
5899,-35235,-35862.750
5911,-34459,-35652.188
5923,-34396,-35463.758
5935,-34657,-35342.746
5947,-35042,-35297.637
5959,-35007,-35254.043
5971,-35018,-35218.637
5983,-34973,-35181.793
5995,-35111,-35171.176
6007,-35627,-35239.551
6019,-36270,-35394.121
6031,-36052,-35492.805
6043,-35367,-35473.934
6055,-34968,-35398.043
6067,-34911,-35324.988
6079,-34620,-35219.242
6091,-35030,-35190.859
6103,-35660,-35261.230
6115,-36268,-35412.246
6127,-36533,-35580.359
6139,-36325,-35692.059
6151,-35723,-35696.699
6163,-34927,-35581.246
6175,-35246,-35530.961
6187,-35640,-35547.320
6199,-35666,-35565.121
6211,-35383,-35537.805
6223,-35454,-35525.234
6235,-35494,-35520.551
6247,-35884,-35575.070
6259,-35975,-35635.062
6271,-35704,-35645.406
6283,-35062,-35557.895
6295,-34749,-35436.562
6307,-35051,-35378.727
6319,-35997,-35471.469
6331,-36651,-35648.398
6343,-36765,-35815.891
6355,-36584,-35931.109
6367,-36154,-35964.543
6379,-35955,-35963.113
6392,-36412,-36030.445
6404,-36876,-36157.277
6416,-37697,-36388.238
6428,-39461,-36849.152
6440,-257,-31360.332
6452,34357,-21502.732
6464,45438,-11461.622
6476,47042,-2686.079
6488,35419,3029.683
6500,15471,4895.881
6512,-10074,2650.399
6524,-34464,-2916.761
6536,-54696,-10683.647
6548,-69822,-19554.400
6560,-77742,-28282.541
6572,-78238,-35775.859
6584,-71305,-41105.230
6596,-59266,-43829.344
6608,-45442,-44071.242
6620,-32550,-42343.059
6632,-21633,-39236.551
6644,-14537,-35531.621
6656,-12896,-32136.279
6668,-16775,-29832.088
6680,-25425,-29171.025
6692,-35617,-30137.924
6704,-43978,-32213.938
6716,-48728,-34691.047
6728,-49561,-36921.539
6740,-47225,-38467.059
6752,-42959,-39140.852
6764,-37963,-38964.176
6776,-33231,-38104.199
6788,-29941,-36879.719
6800,-28481,-35619.910
6812,-28786,-34594.824
6824,-30917,-34043.152
6836,-34087,-34049.730
6848,-37259,-34531.121
6860,-39774,-35317.555
6872,-40568,-36105.121
6884,-39634,-36634.453
6896,-37426,-36753.184
6908,-35093,-36504.156
6920,-33466,-36048.434
6932,-32754,-35554.270
6944,-32982,-35168.430
6956,-33948,-34985.367
6968,-34987,-34985.613
6980,-36069,-35148.121
6992,-37612,-35517.703
7004,-39254,-36078.148
7016,-39664,-36616.027
7028,-38853,-36951.574
7040,-38065,-37118.590
7052,-37315,-37148.055
7064,-36606,-37066.746
7076,-36216,-36939.133
7088,-35868,-36778.465
7100,-35954,-36654.797
7112,-36547,-36638.629
7124,-36980,-36689.836
7136,-37942,-36877.660
7148,-39045,-37202.762
7160,-39176,-37498.746
7172,-38671,-37674.586
7184,-37513,-37650.348
7196,-36268,-37442.996
7208,-35398,-37136.246
7220,-34902,-36801.109
7232,-35132,-36550.742
7245,-35859,-36446.980
7257,-36500,-36454.934
7269,-37163,-36561.145
7281,-38046,-36783.875
7293,-38326,-37015.195
7305,-37799,-37132.766
7317,-36519,-37040.703
7329,-35253,-36772.547
7341,-34361,-36410.816
7353,-34297,-36093.746
7365,-34783,-35897.137
7377,-35400,-35822.566
7389,-36222,-35882.480
7401,-36931,-36039.758
7413,-37163,-36208.246
7425,-37405,-36387.762
7437,-37034,-36484.699
7449,-36288,-36455.195
7461,-35413,-36298.867
7473,-34974,-36100.137
7485,-34952,-35927.918
7497,-35251,-35826.379
7509,-35964,-35847.023
7521,-37359,-36073.820
7533,-38530,-36442.250
7545,-38481,-36748.062
7557,-37222,-36819.152
7569,-36028,-36700.480
7581,-35052,-36453.211
7593,-34754,-36198.332
7605,-34876,-35999.984
7617,-34494,-35774.090
7629,-33863,-35487.426
7641,-33776,-35230.711
7653,-34802,-35166.406
7665,-36174,-35317.547
7677,-37074,-35581.016
7689,-37402,-35854.164
7701,-37503,-36101.492
7713,-37428,-36300.469
7725,-37102,-36420.699
7737,-36271,-36398.246
7749,-35010,-36190.012
7761,-33991,-35860.160
7773,-33538,-35511.836
7785,-33488,-35208.262
7797,-34478,-35098.723
7809,-36164,-35258.516
7821,-38056,-35678.137
7833,-39121,-36194.566
7845,-38875,-36596.633
7857,-37843,-36783.590
7869,-36506,-36741.953
7881,-35175,-36506.910
7893,-34125,-36149.625
7905,-33887,-35810.230
7917,-34649,-35636.047
7929,-35658,-35639.340
7941,-36524,-35772.039
7953,-36877,-35937.785
7965,-36836,-36072.520
7977,-36587,-36149.691
7989,-36014,-36129.340
8001,-35113,-35976.891
8013,-34888,-35813.559
8025,-35577,-35778.074
8037,-36527,-35890.414
8049,-37117,-36074.402
8061,-37137,-36233.793
8073,-36868,-36328.926
8085,-36325,-36328.340
8097,-35886,-36261.988
8110,-35635,-36167.941
8122,-35673,-36093.703
8134,-35484,-36002.250
8146,-35177,-35878.465
8158,-35514,-35823.797
8170,-36269,-35890.578
8182,-36750,-36019.492
8194,-37145,-36188.320
8206,-37108,-36326.273
8218,-36258,-36316.035
8230,-35707,-36224.680
8242,-36926,-36329.879
8254,-37818,-36553.098
8266,-37171,-36645.785
8278,-35796,-36518.316
8290,-34243,-36177.020
8302,-33349,-35752.816
8314,-33163,-35364.344
8326,-34136,-35180.094
8338,-35173,-35179.031
8350,-36056,-35310.578
8362,-36926,-35552.891
8374,-37616,-35862.355
8386,-37675,-36134.254
8398,-37292,-36307.918
8410,-36415,-36323.980
8422,-35775,-36241.637
8434,-35176,-36081.793
8446,-34396,-35828.926
8458,-34148,-35576.789
8470,-34489,-35413.621
8482,-35260,-35390.578
8494,-35904,-35467.594
8506,-36144,-35569.055
8518,-35945,-35625.449
8530,-35956,-35675.031
8542,-36220,-35756.777
8554,-36620,-35886.262
8566,-36666,-36003.223
8578,-36538,-36083.441
8590,-36237,-36106.477
8602,-35575,-36026.758
8614,-35181,-35899.895
8626,-34594,-35704.012
8638,-33994,-35447.512
8650,-33892,-35214.188
8662,-34160,-35056.062
8674,-35095,-35061.906
8686,-36145,-35224.371
8698,-37118,-35508.418
8710,-37552,-35814.957
8722,-37478,-36064.414
8734,-36730,-36164.254
8746,-35826,-36113.516
8758,-35232,-35981.289
8770,-34896,-35818.496
8782,-34691,-35649.371
8794,-34798,-35521.668
8806,-34942,-35434.719
8818,-35312,-35416.312
8830,-35806,-35474.766
8842,-35996,-35552.949
8854,-35900,-35605.008
8866,-35282,-35556.559
8878,-34909,-35459.426
8890,-35063,-35399.965
8902,-35231,-35374.621
8914,-35327,-35367.480
8926,-35525,-35391.109
8938,-35763,-35446.895
8951,-36288,-35573.062
8963,-36240,-35673.105
8975,-36465,-35791.891
8987,-36267,-35863.156
8999,-35499,-35808.535
9011,-34896,-35671.656
9023,-34649,-35518.258
9035,-34804,-35411.121
9047,-35314,-35396.555
9059,-35812,-35458.871
9071,-35904,-35525.641
9083,-35754,-35559.895
9095,-35698,-35580.613
9107,-35310,-35540.023
9119,-34659,-35407.871
9131,-33449,-35114.043
9143,-32545,-34728.688
9155,-32545,-34401.137
9167,-33482,-34263.266
9179,-34874,-34354.879
9191,-36577,-34688.199
9203,-37870,-35165.473
9215,-38489,-35664.004
9227,-38707,-36120.453
9239,-38073,-36413.336
9251,-36978,-36498.035
9263,-35750,-36385.832
9275,-34985,-36175.711
9287,-34915,-35986.605
9299,-35231,-35873.266
9311,-35662,-35841.578
9323,-36121,-35883.492
9335,-36083,-35913.418
9347,-35822,-35899.707
9359,-35956,-35908.152
9371,-36355,-35975.180
9383,-36259,-36017.754
9395,-36035,-36020.344
9407,-36354,-36070.395
9419,-36563,-36144.285
9431,-36008,-36123.844
9443,-34986,-35953.168
9455,-34437,-35725.742
9467,-34162,-35491.180
9479,-33796,-35236.902
9491,-33661,-35000.516
9503,-33906,-34836.340
9515,-34722,-34819.191
9527,-35602,-34936.613
9539,-36524,-35174.723
9551,-37080,-35460.516
9563,-37061,-35700.590
9575,-36140,-35766.504
9587,-23301,-33896.680
9599,15072,-26551.377
9611,44714,-15861.571
9623,58138,-4761.636
9635,59209,4833.960
9647,50321,11657.017
9659,28852,14236.265
9671,-1140,11929.825
9683,-29103,5774.901
9695,-51919,-2879.184
9707,-69839,-12923.157
9719,-81137,-23155.234
9731,-83337,-32182.500
9743,-76877,-38886.676
9755,-64672,-42754.477
9767,-50023,-43844.754
9779,-36178,-42694.742
9791,-24740,-40001.531
9804,-16882,-36533.602
9816,-13111,-33020.211
9828,-14000,-30167.180
9840,-19921,-28630.254
9852,-28425,-28599.467
9864,-36526,-29788.447
9876,-43334,-31820.281
9888,-47677,-34198.789
9900,-48959,-36412.820
9912,-47364,-38055.500
9924,-43177,-38823.727
9936,-37518,-38627.867
9948,-32520,-37711.688
9960,-29160,-36428.938
9972,-27761,-35128.746
9984,-28132,-34079.234
9996,-29881,-33449.500
10008,-32367,-33287.125
10020,-35316,-33591.457
10032,-38347,-34304.789
10044,-40330,-35208.574
10056,-40635,-36022.539
10068,-39363,-36523.609
10080,-37038,-36600.770
10092,-34706,-36316.555
10104,-33236,-35854.473
10116,-32361,-35330.453
10128,-32661,-34930.035
10140,-33871,-34771.180
10152,-35505,-34881.254
10164,-37030,-35203.566
10176,-38309,-35669.383
10188,-38650,-36116.477
10200,-38110,-36415.508
10212,-37130,-36522.684
10224,-36468,-36514.480
10236,-36074,-36448.410
10248,-35656,-36329.551
10260,-34981,-36127.270
10272,-34637,-35903.730
10284,-34576,-35704.570
10296,-34873,-35579.836
10308,-35703,-35598.312
10320,-36759,-35772.418
10332,-37583,-36044.008
10344,-38194,-36366.508
10356,-37822,-36584.832
10368,-36874,-36628.207
10380,-35723,-36492.426
10392,-34551,-36201.211
10404,-33667,-35821.078
10416,-33547,-35479.969
10428,-34032,-35262.773
10440,-34720,-35181.359
10452,-35759,-35268.008
10464,-36801,-35497.957
10476,-37127,-35742.312
10488,-37414,-35993.066
10500,-37360,-36198.109
10512,-36831,-36293.043
10524,-35942,-36240.387
10536,-34934,-36044.430
10548,-33602,-35678.066
10560,-32337,-35176.906
10572,-32262,-34739.672
10584,-33649,-34576.074
10596,-35319,-34687.516
10608,-36808,-35005.590
10620,-37480,-35376.754
10632,-37090,-35633.742
10644,-36873,-35819.633
10657,-36871,-35977.340
10669,-36586,-36068.641
10681,-36580,-36145.348
10693,-36465,-36193.297
10705,-35928,-36153.504
10717,-34868,-35960.680
10729,-33630,-35611.078
10741,-32622,-35162.719
10753,-32243,-34724.762
10765,-32336,-34366.449
10777,-33286,-34204.383
10789,-34713,-34280.676
10801,-35628,-34482.777
10813,-35711,-34667.012
10825,-35409,-34778.312
10837,-35017,-34814.117
10849,-35370,-34897.500
10861,-35910,-35049.375
10873,-36024,-35195.570
10885,-35626,-35260.137
10897,-35224,-35254.719
10909,-34981,-35213.660
10921,-34889,-35164.961
10933,-34775,-35106.469
10945,-34628,-35034.699
10957,-34861,-35008.645
10969,-35419,-35070.199
10981,-35504,-35135.270
10993,-35021,-35118.129
11005,-34925,-35089.160
11017,-35146,-35097.688
11029,-34880,-35065.035
11041,-34731,-35014.930
11053,-34614,-34954.793
11065,-34489,-34884.926
11077,-34421,-34815.336
11089,-34866,-34822.938
11101,-35298,-34894.199
11113,-35511,-34986.719
11125,-35480,-35060.711
11137,-35700,-35156.605
11149,-35826,-35257.016
11161,-35907,-35354.516
11173,-35833,-35426.289
11185,-35230,-35396.848
11197,-34436,-35252.723
11209,-34014,-35066.914
11221,-34098,-34921.578
11233,-33808,-34754.543
11245,-33791,-34610.012
11257,-34406,-34579.410
11269,-35154,-34665.602
11281,-35497,-34790.312
11293,-35660,-34920.766
11305,-35833,-35057.602
11317,-36117,-35216.512
11329,-35807,-35305.086
11341,-35024,-35262.926
11353,-34326,-35122.387
11365,-34103,-34969.480
11377,-34197,-34853.609
11389,-34284,-34768.168
11401,-34339,-34703.793
11413,-34509,-34674.574
11425,-34927,-34712.438
11437,-36166,-34930.473
11449,-36833,-35215.852
11461,-36328,-35382.676
11473,-35311,-35371.926
11486,-34290,-35209.641
11498,-33368,-34933.395
11510,-32951,-34636.035
11522,-33189,-34418.980
11534,-33641,-34302.285
11546,-34769,-34372.293
11558,-36173,-34642.398
11570,-37052,-35003.840
11582,-37112,-35320.066
11594,-36638,-35517.758
11606,-35821,-35563.246
11618,-34529,-35408.109
11630,-33288,-35090.094
11642,-32437,-34692.129
11654,-32595,-34377.562
11666,-33524,-34249.531
11678,-34415,-34274.352
11690,-35136,-34403.598
11702,-35602,-34583.359
11714,-35809,-34767.207
11726,-35872,-34932.926
11738,-35349,-34995.340
11750,-34657,-34944.590
11762,-34396,-34862.301
11774,-34235,-34768.207
11786,-34141,-34674.125
11798,-33948,-34565.207
11810,-33728,-34439.629
11822,-34033,-34378.637
11834,-34572,-34407.641
11846,-35295,-34540.746
11858,-35699,-34714.484
11870,-35631,-34851.961
11882,-35270,-34914.668
11894,-34594,-34866.570
11906,-33961,-34730.734
11918,-34047,-34628.176
11930,-34445,-34600.703
11942,-34872,-34641.398
11954,-35823,-34818.641
11966,-36435,-35061.098
11978,-35901,-35187.082
11990,-34954,-35152.121
12002,-33556,-34912.703
